time_utc,region,source,event,buyer,target,percent,title,link
2026-01-30T14:07:22.387360+00:00,US,SEC,8-K,,,,"8-K - ILLUMINA, INC. (0001110803) (Filer)",https://www.sec.gov/Archives/edgar/data/1110803/000111080326000014/0001110803-26-000014-index.htm
2026-01-30T14:07:22.387397+00:00,US,SEC,8-K,,,,"8-K - Hancock Park Corporate Income, Inc. (0001661306) (Filer)",https://www.sec.gov/Archives/edgar/data/1661306/000166130626000008/0001661306-26-000008-index.htm
2026-01-30T14:07:22.387422+00:00,US,SEC,8-K,,,,"8-K - Apollo Realty Income Solutions, Inc. (0001882850) (Filer)",https://www.sec.gov/Archives/edgar/data/1882850/000119312526030625/0001193125-26-030625-index.htm
2026-01-30T14:07:22.387434+00:00,US,SEC,8-K,,,,8-K - Starwood Credit Real Estate Income Trust (0001986395) (Filer),https://www.sec.gov/Archives/edgar/data/1986395/000119312526030623/0001193125-26-030623-index.htm
2026-01-30T14:07:22.387443+00:00,US,SEC,8-K,,,,8-K - North Haven Net REIT (0001999784) (Filer),https://www.sec.gov/Archives/edgar/data/1999784/000199978426000009/0001999784-26-000009-index.htm
2026-01-30T11:55:50.226286+00:00,US,SEC,8-K,,,,"8-K - REGENERON PHARMACEUTICALS, INC. (0000872589) (Filer)",https://www.sec.gov/Archives/edgar/data/872589/000087258926000004/0000872589-26-000004-index.htm
2026-01-30T11:55:50.226313+00:00,US,SEC,8-K,,,,8-K - Designer Brands Inc. (0001319947) (Filer),https://www.sec.gov/Archives/edgar/data/1319947/000131994726000004/0001319947-26-000004-index.htm
2026-01-29T21:54:57.734593+00:00,US,SEC,8-K,,,,"8-K - CAVCO INDUSTRIES, INC. (0000278166) (Filer)",https://www.sec.gov/Archives/edgar/data/278166/000162828026004168/0001628280-26-004168-index.htm
2026-01-29T20:55:51.633572+00:00,US,SEC,8-K,,,,8-K - UNITED STATES ANTIMONY CORP (0000101538) (Filer),https://www.sec.gov/Archives/edgar/data/101538/000110465926007951/0001104659-26-007951-index.htm
2026-01-29T19:44:14.124687+00:00,US,SEC,8-K,,,,8-K - TRUSTCO BANK CORP N Y (0000357301) (Filer),https://www.sec.gov/Archives/edgar/data/357301/000114036126002778/0001140361-26-002778-index.htm
2026-01-29T19:44:14.124710+00:00,US,SEC,8-K,,,,8-K - COMMUNITY BANCORP /VT (0000718413) (Filer),https://www.sec.gov/Archives/edgar/data/718413/000165495426000702/0001654954-26-000702-index.htm
2026-01-29T17:59:05.881572+00:00,US,SEC,8-K,,,,8-K - Rainmaker Worldwide Inc. (0001872292) (Filer),https://www.sec.gov/Archives/edgar/data/1872292/000149315226004190/0001493152-26-004190-index.htm
2026-01-29T16:04:45.946343+00:00,US,SEC,8-K,,,,"8-K - STRYVE FOODS, INC. (0001691936) (Filer)",https://www.sec.gov/Archives/edgar/data/1691936/000149315226004166/0001493152-26-004166-index.htm
2026-01-29T14:11:10.911917+00:00,US,SEC,8-K,,,,8-K - VSE CORP (0000102752) (Filer),https://www.sec.gov/Archives/edgar/data/102752/000119312526028344/0001193125-26-028344-index.htm
2026-01-29T14:11:10.911957+00:00,US,SEC,8-K,,,,8-K - MINERALRITE Corp (0001096296) (Filer),https://www.sec.gov/Archives/edgar/data/1096296/000153949726000189/0001539497-26-000189-index.htm
2026-01-29T14:11:10.911974+00:00,US,SEC,8-K,,,,8-K - Agape ATP Corp (0001713210) (Filer),https://www.sec.gov/Archives/edgar/data/1713210/000149315226004150/0001493152-26-004150-index.htm
2026-01-29T14:11:10.911980+00:00,US,SEC,8-K,,,,8-K - ENCISION INC (0000930775) (Filer),https://www.sec.gov/Archives/edgar/data/930775/000107997326000132/0001079973-26-000132-index.htm
2026-01-29T14:11:10.911984+00:00,US,SEC,8-K,,,,8-K - UNITED GUARDIAN INC (0000101295) (Filer),https://www.sec.gov/Archives/edgar/data/101295/000117184326000508/0001171843-26-000508-index.htm
2026-01-29T14:11:10.911989+00:00,US,SEC,8-K,,,,8-K - DONEGAL GROUP INC (0000800457) (Filer),https://www.sec.gov/Archives/edgar/data/800457/000117184326000509/0001171843-26-000509-index.htm
2026-01-29T14:11:10.911999+00:00,US,SEC,8-K,,,,8-K - DeFi Development Corp. (0001805526) (Filer),https://www.sec.gov/Archives/edgar/data/1805526/000121390026009173/0001213900-26-009173-index.htm
2026-01-29T14:11:10.912021+00:00,US,SEC,8-K,,,,8-K - United States Commodity Index Funds Trust (0001479247) (Filer),https://www.sec.gov/Archives/edgar/data/1479247/000110465926007766/0001104659-26-007766-index.htm
2026-01-29T14:11:10.912028+00:00,US,SEC,8-K,,,,"8-K - United States Brent Oil Fund, LP (0001472494) (Filer)",https://www.sec.gov/Archives/edgar/data/1472494/000110465926007764/0001104659-26-007764-index.htm
2026-01-29T11:47:02.145074+00:00,US,SEC,8-K,,,,8-K - GROUP 1 AUTOMOTIVE INC (0001031203) (Filer),https://www.sec.gov/Archives/edgar/data/1031203/000103120326000041/0001031203-26-000041-index.htm
2026-01-29T11:47:02.145091+00:00,US,SEC,8-K,,,,8-K - EAGLE MATERIALS INC (0000918646) (Filer),https://www.sec.gov/Archives/edgar/data/918646/000119312526028131/0001193125-26-028131-index.htm
2026-01-29T11:47:02.145100+00:00,US,SEC,8-K,,,,"8-K - CSW INDUSTRIALS, INC. (0001624794) (Filer)",https://www.sec.gov/Archives/edgar/data/1624794/000162479426000016/0001624794-26-000016-index.htm
2026-01-29T11:47:02.145108+00:00,US,SEC,8-K,,,,"8-K - WESTWATER RESOURCES, INC. (0000839470) (Filer)",https://www.sec.gov/Archives/edgar/data/839470/000110465926007664/0001104659-26-007664-index.htm
2026-01-29T11:47:02.145121+00:00,US,SEC,8-K,,,,8-K - Xerox Holdings Corp (0001770450) (Filer),https://www.sec.gov/Archives/edgar/data/1770450/000177045026000003/0001770450-26-000003-index.htm
2026-01-29T11:47:02.145125+00:00,US,SEC,8-K,,,,8-K - XEROX CORP (0000108772) (Filer),https://www.sec.gov/Archives/edgar/data/108772/000177045026000003/0001770450-26-000003-index.htm
2026-01-29T11:47:02.145136+00:00,US,SEC,8-K,,,,8-K - CATERPILLAR FINANCIAL SERVICES CORP (0000764764) (Filer),https://www.sec.gov/Archives/edgar/data/764764/000076476426000003/0000764764-26-000003-index.htm
2026-01-29T11:47:02.145147+00:00,US,SEC,8-K,,,,"8-K - Lazard, Inc. (0001311370) (Filer)",https://www.sec.gov/Archives/edgar/data/1311370/000162828026003958/0001628280-26-003958-index.htm
2026-01-29T11:47:02.145151+00:00,US,SEC,8-K,,,,8-K - ROYAL CARIBBEAN CRUISES LTD (0000884887) (Filer),https://www.sec.gov/Archives/edgar/data/884887/000088488726000003/0000884887-26-000003-index.htm
2026-01-29T11:47:02.145164+00:00,US,SEC,8-K,,,,8-K - AMERIPRISE FINANCIAL INC (0000820027) (Filer),https://www.sec.gov/Archives/edgar/data/820027/000082002726000004/0000820027-26-000004-index.htm
2026-01-29T11:47:02.145177+00:00,US,SEC,8-K,,,,8-K - CATERPILLAR INC (0000018230) (Filer),https://www.sec.gov/Archives/edgar/data/18230/000001823026000003/0000018230-26-000003-index.htm
2026-01-29T11:47:02.145181+00:00,US,SEC,8-K,,,,"8-K - Solid Power, Inc. (0001844862) (Filer)",https://www.sec.gov/Archives/edgar/data/1844862/000110465926007651/0001104659-26-007651-index.htm
2026-01-29T11:47:02.145186+00:00,US,SEC,8-K,,,,8-K - Kosmos Energy Ltd. (0001509991) (Filer),https://www.sec.gov/Archives/edgar/data/1509991/000095010326001145/0000950103-26-001145-index.htm
2026-01-28T21:57:49.664742+00:00,US,SEC,8-K,,,,"8-K - Qorvo, Inc. (0001604778) (Filer)",https://www.sec.gov/Archives/edgar/data/1604778/000095010326001106/0000950103-26-001106-index.htm
2026-01-28T21:57:49.664802+00:00,US,SEC,8-K,,,,"8-K - Concentra Group Holdings Parent, Inc. (0002014596) (Filer)",https://www.sec.gov/Archives/edgar/data/2014596/000201459626000015/0002014596-26-000015-index.htm
2026-01-28T21:57:49.664828+00:00,US,SEC,8-K,,,,8-K - MVB FINANCIAL CORP (0001277902) (Filer),https://www.sec.gov/Archives/edgar/data/1277902/000127790226000003/0001277902-26-000003-index.htm
2026-01-28T21:02:24.093636+00:00,US,SEC,8-K,,,,"8-K - SenesTech, Inc. (0001680378) (Filer)",https://www.sec.gov/Archives/edgar/data/1680378/000162828026003828/0001628280-26-003828-index.htm
2026-01-28T21:02:24.093653+00:00,US,SEC,8-K,,,,8-K - BELDEN INC. (0000913142) (Filer),https://www.sec.gov/Archives/edgar/data/913142/000119312526027195/0001193125-26-027195-index.htm
2026-01-28T21:02:24.093675+00:00,US,SEC,8-K,,,,8-K - KEYCORP /NEW/ (0000091576) (Filer),https://www.sec.gov/Archives/edgar/data/91576/000119312526027193/0001193125-26-027193-index.htm
2026-01-28T21:02:24.093680+00:00,US,SEC,8-K,,,,8-K - JABIL INC (0000898293) (Filer),https://www.sec.gov/Archives/edgar/data/898293/000119312526027194/0001193125-26-027194-index.htm
2026-01-28T21:02:24.093694+00:00,US,SEC,8-K,,,,"8-K - Sonoma Pharmaceuticals, Inc. (0001367083) (Filer)",https://www.sec.gov/Archives/edgar/data/1367083/000168316826000589/0001683168-26-000589-index.htm
2026-01-28T21:02:24.093711+00:00,US,SEC,8-K,,,,8-K - BANK OF THE JAMES FINANCIAL GROUP INC (0001275101) (Filer),https://www.sec.gov/Archives/edgar/data/1275101/000127510126000005/0001275101-26-000005-index.htm
2026-01-28T21:02:24.093730+00:00,US,SEC,8-K,,,,"8-K - SR Bancorp, Inc. (0001951276) (Filer)",https://www.sec.gov/Archives/edgar/data/1951276/000119312526027191/0001193125-26-027191-index.htm
2026-01-28T21:02:24.093748+00:00,US,SEC,8-K,,,,"8-K - Waterstone Financial, Inc. (0001569994) (Filer)",https://www.sec.gov/Archives/edgar/data/1569994/000143774926002305/0001437749-26-002305-index.htm
2026-01-28T19:54:40.324916+00:00,US,SEC,8-K,,,,8-K - PROGRESSIVE CORP/OH/ (0000080661) (Filer),https://www.sec.gov/Archives/edgar/data/80661/000008066126000071/0000080661-26-000071-index.htm
2026-01-28T14:00:52.432266+00:00,US,SEC,8-K,,,,8-K - PDS Biotechnology Corp (0001472091) (Filer),https://www.sec.gov/Archives/edgar/data/1472091/000114036126002608/0001140361-26-002608-index.htm
2026-01-28T11:58:33.610693+00:00,US,SEC,8-K,,,,8-K - LENNOX INTERNATIONAL INC (0001069202) (Filer),https://www.sec.gov/Archives/edgar/data/1069202/000106920226000005/0001069202-26-000005-index.htm
2026-01-28T11:58:33.610737+00:00,US,SEC,8-K,,,,8-K - AUTOMATIC DATA PROCESSING INC (0000008670) (Filer),https://www.sec.gov/Archives/edgar/data/8670/000000867026000006/0000008670-26-000006-index.htm
2026-01-28T11:58:33.610762+00:00,US,SEC,8-K,,,,8-K - MSCI Inc. (0001408198) (Filer),https://www.sec.gov/Archives/edgar/data/1408198/000140819826000005/0001408198-26-000005-index.htm
2026-01-28T11:58:33.610767+00:00,US,SEC,8-K,,,,"8-K - Stellar Bancorp, Inc. (0001473844) (Filer)",https://www.sec.gov/Archives/edgar/data/1473844/000110465926007187/0001104659-26-007187-index.htm
2026-01-28T11:58:33.610772+00:00,US,SEC,8-K,,,,8-K - MARINE PRODUCTS CORP (0001129155) (Filer),https://www.sec.gov/Archives/edgar/data/1129155/000110465926007188/0001104659-26-007188-index.htm
2026-01-28T11:58:33.610776+00:00,US,SEC,8-K,,,,8-K - PROSPERITY BANCSHARES INC (0001068851) (Filer),https://www.sec.gov/Archives/edgar/data/1068851/000119312526025609/0001193125-26-025609-index.htm
2026-01-28T11:58:33.610783+00:00,US,SEC,8-K,,,,8-K - RPC INC (0000742278) (Filer),https://www.sec.gov/Archives/edgar/data/742278/000110465926007185/0001104659-26-007185-index.htm
2026-01-28T11:45:19.415482+00:00,US,SEC,8-K,,,,"8-K - Stellar Bancorp, Inc. (0001473844) (Filer)",https://www.sec.gov/Archives/edgar/data/1473844/000110465926007183/0001104659-26-007183-index.htm
2026-01-28T11:45:19.415512+00:00,US,SEC,8-K,,,,8-K - PROSPERITY BANCSHARES INC (0001068851) (Filer),https://www.sec.gov/Archives/edgar/data/1068851/000119312526025602/0001193125-26-025602-index.htm
2026-01-28T11:45:19.415519+00:00,US,SEC,8-K,,,,"8-K - HALOZYME THERAPEUTICS, INC. (0001159036) (Filer)",https://www.sec.gov/Archives/edgar/data/1159036/000115903626000011/0001159036-26-000011-index.htm
2026-01-28T11:45:19.415540+00:00,US,SEC,8-K,,,,8-K - AT&T INC. (0000732717) (Filer),https://www.sec.gov/Archives/edgar/data/732717/000073271726000047/0000732717-26-000047-index.htm
2026-01-28T11:45:19.415547+00:00,US,SEC,8-K,,,,8-K - TEXTRON INC (0000217346) (Filer),https://www.sec.gov/Archives/edgar/data/217346/000021734626000002/0000217346-26-000002-index.htm
2026-01-28T11:45:19.415567+00:00,US,SEC,8-K,,,,8-K - AT&T INC. (0000732717) (Filer),https://www.sec.gov/Archives/edgar/data/732717/000073271726000046/0000732717-26-000046-index.htm
2026-01-28T11:45:19.415574+00:00,US,SEC,8-K,,,,8-K - GE Vernova Inc. (0001996810) (Filer),https://www.sec.gov/Archives/edgar/data/1996810/000199681026000012/0001996810-26-000012-index.htm
2026-01-28T11:45:19.415604+00:00,US,SEC,8-K,,,,"8-K - Kimco Realty OP, LLC (0001959472) (Filer)",https://www.sec.gov/Archives/edgar/data/1959472/000114036126002589/0001140361-26-002589-index.htm
2026-01-28T11:45:19.415608+00:00,US,SEC,8-K,,,,8-K - KIMCO REALTY CORP (0000879101) (Filer),https://www.sec.gov/Archives/edgar/data/879101/000114036126002589/0001140361-26-002589-index.htm
2026-01-27T21:56:14.073827+00:00,US,SEC,8-K,,,,8-K - Satellogic Inc. (0001874315) (Filer),https://www.sec.gov/Archives/edgar/data/1874315/000143774926002213/0001437749-26-002213-index.htm
2026-01-27T21:56:14.073845+00:00,US,SEC,8-K,,,,"8-K - Tectonic Financial, Inc. (0001766526) (Filer)",https://www.sec.gov/Archives/edgar/data/1766526/000118518526000305/0001185185-26-000305-index.htm
2026-01-27T21:56:14.073878+00:00,US,SEC,8-K,,,,8-K - FARMERS & MERCHANTS BANCORP INC (0000792966) (Filer),https://www.sec.gov/Archives/edgar/data/792966/000119312526024773/0001193125-26-024773-index.htm
2026-01-27T21:56:14.073897+00:00,US,SEC,8-K,,,,8-K - Streamex Corp. (0001530766) (Filer),https://www.sec.gov/Archives/edgar/data/1530766/000149315226003820/0001493152-26-003820-index.htm
2026-01-27T21:56:14.073902+00:00,US,SEC,8-K,,,,"8-K - Coeur Mining, Inc. (0000215466) (Filer)",https://www.sec.gov/Archives/edgar/data/215466/000114036126002524/0001140361-26-002524-index.htm
2026-01-27T21:56:14.073926+00:00,US,SEC,8-K,,,,8-K - Horizon Space Acquisition I Corp. (0001946021) (Filer),https://www.sec.gov/Archives/edgar/data/1946021/000192998026000021/0001929980-26-000021-index.htm
2026-01-27T21:42:11.061230+00:00,US,SEC,8-K,,,,8-K - TRUSTMARK CORP (0000036146) (Filer),https://www.sec.gov/Archives/edgar/data/36146/000119312526024604/0001193125-26-024604-index.htm
2026-01-27T21:42:11.061264+00:00,US,SEC,8-K,,,,8-K - RENASANT CORP (0000715072) (Filer),https://www.sec.gov/Archives/edgar/data/715072/000071507226000004/0000715072-26-000004-index.htm
2026-01-27T19:54:27.807029+00:00,US,SEC,8-K,,,,8-K - Ford Credit Auto Lease Trust 2026-A (0002100629) (Filer),https://www.sec.gov/Archives/edgar/data/2100629/000110465926006937/0001104659-26-006937-index.htm
2026-01-27T19:54:27.807049+00:00,US,SEC,8-K,,,,8-K - Ford Credit Auto Lease Two LLC (0001519881) (Filer),https://www.sec.gov/Archives/edgar/data/1519881/000110465926006937/0001104659-26-006937-index.htm
2026-01-27T19:17:31.088369+00:00,US,SEC,8-K,,,,8-K - FIRST NORTHERN COMMUNITY BANCORP (0001114927) (Filer),https://www.sec.gov/Archives/edgar/data/1114927/000111492726000004/0001114927-26-000004-index.htm
2026-01-27T17:57:20.620361+00:00,US,SEC,8-K,,,,8-K - AI Era Corp. (0001605331) (Filer),https://www.sec.gov/Archives/edgar/data/1605331/000166357726000022/0001663577-26-000022-index.htm
2026-01-27T17:57:20.620408+00:00,US,SEC,8-K,,,,8-K - PROVIDENT FINANCIAL HOLDINGS INC (0001010470) (Filer),https://www.sec.gov/Archives/edgar/data/1010470/000093905726000018/0000939057-26-000018-index.htm
2026-01-27T17:01:33.726497+00:00,US,SEC,8-K,,,,8-K - Mag Magna Corp (0001949864) (Filer),https://www.sec.gov/Archives/edgar/data/1949864/000168316826000554/0001683168-26-000554-index.htm
2026-01-27T14:01:07.654438+00:00,US,SEC,8-K,,,,8-K - Ingredion Inc (0001046257) (Filer),https://www.sec.gov/Archives/edgar/data/1046257/000104625726000010/0001046257-26-000010-index.htm
2026-01-27T14:01:07.654465+00:00,US,SEC,8-K,,,,8-K - TRUIST FINANCIAL CORP (0000092230) (Filer),https://www.sec.gov/Archives/edgar/data/92230/000119312526023420/0001193125-26-023420-index.htm
2026-01-27T14:01:07.654498+00:00,US,SEC,8-K,,,,8-K - Bristow Group Inc. (0001525221) (Filer),https://www.sec.gov/Archives/edgar/data/1525221/000119312526023418/0001193125-26-023418-index.htm
2026-01-27T14:01:07.654514+00:00,US,SEC,8-K,,,,8-K - OMNIQ Corp. (0000278165) (Filer),https://www.sec.gov/Archives/edgar/data/278165/000117184326000430/0001171843-26-000430-index.htm
2026-01-27T11:59:25.751141+00:00,US,SEC,8-K,,,,8-K - RTX Corp (0000101829) (Filer),https://www.sec.gov/Archives/edgar/data/101829/000010182926000003/0000101829-26-000003-index.htm
2026-01-27T11:47:15.449960+00:00,US,SEC,8-K,,,,8-K - EON Resources Inc. (0001842556) (Filer),https://www.sec.gov/Archives/edgar/data/1842556/000121390026007933/0001213900-26-007933-index.htm
2026-01-27T11:47:15.449982+00:00,US,SEC,8-K,,,,8-K - NORTHROP GRUMMAN CORP /DE/ (0001133421) (Filer),https://www.sec.gov/Archives/edgar/data/1133421/000113342126000002/0001133421-26-000002-index.htm
2026-01-27T11:47:15.449994+00:00,US,SEC,8-K,,,,8-K - KIMBERLY CLARK CORP (0000055785) (Filer),https://www.sec.gov/Archives/edgar/data/55785/000162828026003514/0001628280-26-003514-index.htm
2026-01-27T11:47:15.450004+00:00,US,SEC,8-K,,,,8-K - JETBLUE AIRWAYS CORP (0001158463) (Filer),https://www.sec.gov/Archives/edgar/data/1158463/000115846326000004/0001158463-26-000004-index.htm
2026-01-27T11:47:15.450020+00:00,US,SEC,8-K,,,,8-K - Twin Hospitality Group Inc. (0002011954) (Filer),https://www.sec.gov/Archives/edgar/data/2011954/000149315226003699/0001493152-26-003699-index.htm
2026-01-27T11:47:15.450024+00:00,US,SEC,8-K,,,,"8-K - Fat Brands, Inc (0001705012) (Filer)",https://www.sec.gov/Archives/edgar/data/1705012/000149315226003696/0001493152-26-003696-index.htm
2026-01-27T11:47:15.450069+00:00,US,SEC,8-K,,,,8-K - UNITED PARCEL SERVICE INC (0001090727) (Filer),https://www.sec.gov/Archives/edgar/data/1090727/000162828026003510/0001628280-26-003510-index.htm
2026-01-27T11:47:15.450077+00:00,US,SEC,8-K,,,,8-K - Blue Water Acquisition Corp. III (0002050501) (Filer),https://www.sec.gov/Archives/edgar/data/2050501/000110465926006779/0001104659-26-006779-index.htm
2026-01-26T21:59:39.697315+00:00,US,SEC,8-K,,,,8-K - DAXOR CORP (0000027367) (Filer),https://www.sec.gov/Archives/edgar/data/27367/000149315226003615/0001493152-26-003615-index.htm
2026-01-26T21:59:39.697380+00:00,US,SEC,8-K,,,,"8-K - Customers Bancorp, Inc. (0001488813) (Filer)",https://www.sec.gov/Archives/edgar/data/1488813/000148881326000015/0001488813-26-000015-index.htm
2026-01-26T21:59:39.697406+00:00,US,SEC,8-K,,,,8-K - Infinite Eagle Acquisition Corp. (0002084396) (Filer),https://www.sec.gov/Archives/edgar/data/2084396/000121390026007758/0001213900-26-007758-index.htm
2026-01-26T21:48:26.641675+00:00,US,SEC,8-K,,,,"8-K - GERMAN AMERICAN BANCORP, INC. (0000714395) (Filer)",https://www.sec.gov/Archives/edgar/data/714395/000071439526000003/0000714395-26-000003-index.htm
2026-01-26T21:48:26.641697+00:00,US,SEC,8-K,,,,"8-K - LINKBANCORP, Inc. (0001756701) (Filer)",https://www.sec.gov/Archives/edgar/data/1756701/000119312526022725/0001193125-26-022725-index.htm
2026-01-26T21:48:26.641740+00:00,US,SEC,8-K,,,,"8-K - Liberty Live Holdings, Inc. (0002078416) (Filer)",https://www.sec.gov/Archives/edgar/data/2078416/000207841626000002/0002078416-26-000002-index.htm
2026-01-26T20:53:58.700297+00:00,US,SEC,8-K,,,,8-K - BBCMS Mortgage Trust 2026-5C40 (0002104401) (Filer),https://www.sec.gov/Archives/edgar/data/2104401/000153949726000150/0001539497-26-000150-index.htm
2026-01-26T19:57:37.778290+00:00,US,SEC,8-K,,,,8-K - PEOPLES BANCORP INC (0000318300) (Filer),https://www.sec.gov/Archives/edgar/data/318300/000031830026000034/0000318300-26-000034-index.htm
2026-01-26T19:57:37.778380+00:00,US,SEC,8-K,,,,"8-K - ENERGY RESOURCES 12, L.P. (0001696088) (Filer)",https://www.sec.gov/Archives/edgar/data/1696088/000143774926002058/0001437749-26-002058-index.htm
2026-01-26T19:45:53.011984+00:00,US,SEC,8-K,,,,"8-K - Energy 11, L.P. (0001581552) (Filer)",https://www.sec.gov/Archives/edgar/data/1581552/000143774926002048/0001437749-26-002048-index.htm
2026-01-26T19:04:55.645125+00:00,US,SEC,8-K,,,,8-K - River Financial Corp (0001641601) (Filer),https://www.sec.gov/Archives/edgar/data/1641601/000119312526022299/0001193125-26-022299-index.htm
2026-01-26T17:57:09.609763+00:00,US,SEC,8-K,,,,8-K - VISTA CREDIT STRATEGIC LENDING CORP. (0001919369) (Filer),https://www.sec.gov/Archives/edgar/data/1919369/000119312526022208/0001193125-26-022208-index.htm
2026-01-26T17:57:09.609797+00:00,US,SEC,8-K,,,,"8-K - Inland Real Estate Income Trust, Inc. (0001528985) (Filer)",https://www.sec.gov/Archives/edgar/data/1528985/000119312526022199/0001193125-26-022199-index.htm
2026-01-26T17:57:09.609825+00:00,US,SEC,8-K,,,,8-K - TransMontaigne Partners LLC (0001319229) (Filer),https://www.sec.gov/Archives/edgar/data/1319229/000110465926006532/0001104659-26-006532-index.htm
2026-01-26T14:59:55.420599+00:00,US,SEC,8-K,,,,8-K - PEOPLES BANCORP OF NORTH CAROLINA INC (0001093672) (Filer),https://www.sec.gov/Archives/edgar/data/1093672/000165495426000585/0001654954-26-000585-index.htm
2026-01-26T14:59:55.420649+00:00,US,SEC,8-K,,,,8-K - Blue Owl Real Estate Net Lease Trust (0001944366) (Filer),https://www.sec.gov/Archives/edgar/data/1944366/000194436626000007/0001944366-26-000007-index.htm
2026-01-26T13:56:43.694204+00:00,US,SEC,8-K,,,,8-K - Opendoor Technologies Inc. (0001801169) (Filer),https://www.sec.gov/Archives/edgar/data/1801169/000180116926000004/0001801169-26-000004-index.htm
2026-01-26T13:56:43.694241+00:00,US,SEC,8-K,,,,"8-K - Tharimmune, Inc. (0001861657) (Filer)",https://www.sec.gov/Archives/edgar/data/1861657/000149315226003539/0001493152-26-003539-index.htm
2026-01-26T11:54:06.319334+00:00,US,SEC,8-K,,,,8-K - GOLD RESOURCE CORP (0001160791) (Filer),https://www.sec.gov/Archives/edgar/data/1160791/000110465926006404/0001104659-26-006404-index.htm
2026-01-26T11:54:06.319351+00:00,US,SEC,8-K,,,,8-K - Eaton Corp plc (0001551182) (Filer),https://www.sec.gov/Archives/edgar/data/1551182/000114036126002286/0001140361-26-002286-index.htm
2026-01-26T11:39:12.787616+00:00,US,SEC,8-K,,,,"8-K - STANLEY BLACK & DECKER, INC. (0000093556) (Filer)",https://www.sec.gov/Archives/edgar/data/93556/000119312526021636/0001193125-26-021636-index.htm
2026-01-26T11:39:12.787642+00:00,US,SEC,8-K,,,,8-K - FTAI Infrastructure Inc. (0001899883) (Filer),https://www.sec.gov/Archives/edgar/data/1899883/000114036126002276/0001140361-26-002276-index.htm
2026-01-26T11:39:12.787654+00:00,US,SEC,8-K,,,,8-K - Legato Merger Corp. IV (0002087450) (Filer),https://www.sec.gov/Archives/edgar/data/2087450/000182912626000540/0001829126-26-000540-index.htm
2026-01-26T11:39:12.787660+00:00,US,SEC,8-K,,,,8-K - MARKETAXESS HOLDINGS INC (0001278021) (Filer),https://www.sec.gov/Archives/edgar/data/1278021/000119312526021629/0001193125-26-021629-index.htm
2026-01-26T11:39:12.787668+00:00,US,SEC,8-K,,,,"8-K - Leidos Holdings, Inc. (0001336920) (Filer)",https://www.sec.gov/Archives/edgar/data/1336920/000119312526021627/0001193125-26-021627-index.htm
2026-01-26T11:39:12.787680+00:00,US,SEC,8-K,,,,8-K - Triller Group Inc. (0001769624) (Filer),https://www.sec.gov/Archives/edgar/data/1769624/000121390026007442/0001213900-26-007442-index.htm
2026-01-26T11:39:12.787697+00:00,US,SEC,8-K,,,,"8-K - UMH PROPERTIES, INC. (0000752642) (Filer)",https://www.sec.gov/Archives/edgar/data/752642/000149315226003502/0001493152-26-003502-index.htm
2026-01-26T11:39:12.787702+00:00,US,SEC,8-K,,,,8-K - Orgenesis Inc. (0001460602) (Filer),https://www.sec.gov/Archives/edgar/data/1460602/000149315226003501/0001493152-26-003501-index.htm
2026-01-26T11:39:12.787706+00:00,US,SEC,8-K,,,,"8-K - IonQ, Inc. (0001824920) (Filer)",https://www.sec.gov/Archives/edgar/data/1824920/000119312526021616/0001193125-26-021616-index.htm
2026-01-26T11:39:12.787716+00:00,US,SEC,8-K,,,,8-K - NETSOL TECHNOLOGIES INC (0001039280) (Filer),https://www.sec.gov/Archives/edgar/data/1039280/000149315226003500/0001493152-26-003500-index.htm
2026-01-26T11:39:12.787721+00:00,US,SEC,8-K,,,,8-K - Baker Hughes Co (0001701605) (Filer),https://www.sec.gov/Archives/edgar/data/1701605/000170160526000003/0001701605-26-000003-index.htm
2026-01-26T11:39:12.787726+00:00,US,SEC,8-K,,,,8-K - Braemar Hotels & Resorts Inc. (0001574085) (Filer),https://www.sec.gov/Archives/edgar/data/1574085/000157408526000002/0001574085-26-000002-index.htm
2026-01-26T11:39:12.787733+00:00,US,SEC,8-K,,,,"8-K - SkyWater Technology, Inc (0001819974) (Filer)",https://www.sec.gov/Archives/edgar/data/1819974/000119312526021606/0001193125-26-021606-index.htm
2026-01-26T11:39:12.787739+00:00,US,SEC,8-K,,,,8-K - TABLE TRAC INC (0001090396) (Filer),https://www.sec.gov/Archives/edgar/data/1090396/000143774926001995/0001437749-26-001995-index.htm
2026-01-23T22:42:37.068812+00:00,US,SEC,8-K,,,,"8-K - Zoomcar Holdings, Inc. (0001854275) (Filer)",https://www.sec.gov/Archives/edgar/data/1854275/000121390026007349/0001213900-26-007349-index.htm
2026-01-23T21:53:13.527969+00:00,US,SEC,8-K,,,,8-K - RLI CORP (0000084246) (Filer),https://www.sec.gov/Archives/edgar/data/84246/000008424626000002/0000084246-26-000002-index.htm
2026-01-23T21:53:13.527989+00:00,US,SEC,8-K,,,,8-K - FuboTV Inc. (0001484769) (Filer),https://www.sec.gov/Archives/edgar/data/1484769/000149315226003429/0001493152-26-003429-index.htm
2026-01-23T21:53:13.528022+00:00,US,SEC,8-K,,,,"8-K - Bain Capital Specialty Finance, Inc. (0001655050) (Filer)",https://www.sec.gov/Archives/edgar/data/1655050/000119312526021189/0001193125-26-021189-index.htm
2026-01-23T19:40:50.451022+00:00,US,SEC,8-K,,,,8-K - FRANKLIN COVEY CO (0000886206) (Filer),https://www.sec.gov/Archives/edgar/data/886206/000119312526020856/0001193125-26-020856-index.htm
2026-01-23T17:50:21.197628+00:00,US,SEC,8-K,,,,8-K - PROVIDENT FINANCIAL HOLDINGS INC (0001010470) (Filer),https://www.sec.gov/Archives/edgar/data/1010470/000093905726000014/0000939057-26-000014-index.htm
2026-01-23T17:50:21.197645+00:00,US,SEC,8-K,,,,"8-K - Deep Isolation Nuclear, Inc. (0001918080) (Filer)",https://www.sec.gov/Archives/edgar/data/1918080/000121390026007067/0001213900-26-007067-index.htm
2026-01-23T17:02:05.047904+00:00,US,SEC,8-K,,,,"8-K - SB FINANCIAL GROUP, INC. (0000767405) (Filer)",https://www.sec.gov/Archives/edgar/data/767405/000121390026007034/0001213900-26-007034-index.htm
2026-01-23T15:52:33.919368+00:00,US,SEC,8-K,,,,8-K - CNH Equipment Trust 2026-A (0002102532) (Filer),https://www.sec.gov/Archives/edgar/data/2102532/000110465926006120/0001104659-26-006120-index.htm
2026-01-23T15:52:33.919383+00:00,US,SEC,8-K,,,,8-K - CNH CAPITAL RECEIVABLES LLC (0001115252) (Filer),https://www.sec.gov/Archives/edgar/data/1115252/000110465926006120/0001104659-26-006120-index.htm
2026-01-23T13:55:10.653116+00:00,US,SEC,8-K,,,,8-K - HUNTINGTON BANCSHARES INC /MD/ (0000049196) (Filer),https://www.sec.gov/Archives/edgar/data/49196/000114036126002118/0001140361-26-002118-index.htm
2026-01-23T13:55:10.653135+00:00,US,SEC,8-K,,,,8-K - EGH Acquisition Corp. (0002052547) (Filer),https://www.sec.gov/Archives/edgar/data/2052547/000110465926006046/0001104659-26-006046-index.htm
2026-01-23T13:55:10.653166+00:00,US,SEC,8-K,,,,"8-K - LENDWAY, INC. (0000875355) (Filer)",https://www.sec.gov/Archives/edgar/data/875355/000110465926006044/0001104659-26-006044-index.htm
2026-01-23T11:57:37.358510+00:00,US,SEC,8-K,,,,8-K - SilverBox Corp V (0002081909) (Filer),https://www.sec.gov/Archives/edgar/data/2081909/000110465926006010/0001104659-26-006010-index.htm
2026-01-23T11:57:37.358534+00:00,US,SEC,8-K,,,,8-K - Booz Allen Hamilton Holding Corp (0001443646) (Filer),https://www.sec.gov/Archives/edgar/data/1443646/000162828026003186/0001628280-26-003186-index.htm
2026-01-23T11:57:37.358540+00:00,US,SEC,8-K,,,,8-K - MATERION Corp (0001104657) (Filer),https://www.sec.gov/Archives/edgar/data/1104657/000110465726000002/0001104657-26-000002-index.htm
2026-01-23T11:40:22.145069+00:00,US,SEC,8-K,,,,8-K - FIRST CITIZENS BANCSHARES INC /DE/ (0000798941) (Filer),https://www.sec.gov/Archives/edgar/data/798941/000079894126000010/0000798941-26-000010-index.htm
2026-01-23T11:40:22.145094+00:00,US,SEC,8-K,,,,8-K - McEwen Inc. (0000314203) (Filer),https://www.sec.gov/Archives/edgar/data/314203/000110465926005999/0001104659-26-005999-index.htm
2026-01-23T11:40:22.145114+00:00,US,SEC,8-K,,,,8-K - Blackstone Private Credit Fund (0001803498) (Filer),https://www.sec.gov/Archives/edgar/data/1803498/000180349826000003/0001803498-26-000003-index.htm
2026-01-23T11:40:22.145121+00:00,US,SEC,8-K,,,,8-K - COLUMBUS MCKINNON CORP (0001005229) (Filer),https://www.sec.gov/Archives/edgar/data/1005229/000119312526020111/0001193125-26-020111-index.htm
2026-01-23T11:40:22.145145+00:00,US,SEC,8-K,,,,8-K - DAXOR CORP (0000027367) (Filer),https://www.sec.gov/Archives/edgar/data/27367/000149315226003302/0001493152-26-003302-index.htm
2026-01-23T11:40:22.145187+00:00,US,SEC,8-K,,,,"8-K - Corvus Pharmaceuticals, Inc. (0001626971) (Filer)",https://www.sec.gov/Archives/edgar/data/1626971/000110465926005968/0001104659-26-005968-index.htm
2026-01-23T11:40:22.145207+00:00,US,SEC,8-K,,,,"8-K - Super League Enterprise, Inc. (0001621672) (Filer)",https://www.sec.gov/Archives/edgar/data/1621672/000143774926001802/0001437749-26-001802-index.htm
2026-01-22T21:59:43.280853+00:00,US,SEC,8-K,,,,8-K - AMC Networks Inc. (0001514991) (Filer),https://www.sec.gov/Archives/edgar/data/1514991/000151499126000003/0001514991-26-000003-index.htm
2026-01-22T21:59:43.280871+00:00,US,SEC,8-K,,,,"8-K - EKSO BIONICS HOLDINGS, INC. (0001549084) (Filer)",https://www.sec.gov/Archives/edgar/data/1549084/000143774926001774/0001437749-26-001774-index.htm
2026-01-22T21:59:43.280877+00:00,US,SEC,8-K,,,,8-K - H&R BLOCK INC (0000012659) (Filer),https://www.sec.gov/Archives/edgar/data/12659/000001265926000003/0000012659-26-000003-index.htm
2026-01-22T21:59:43.280885+00:00,US,SEC,8-K,,,,8-K - OCEANFIRST FINANCIAL CORP (0001004702) (Filer),https://www.sec.gov/Archives/edgar/data/1004702/000100470226000005/0001004702-26-000005-index.htm
2026-01-22T21:59:43.280909+00:00,US,SEC,8-K,,,,"8-K - APOGEE ENTERPRISES, INC. (0000006845) (Filer)",https://www.sec.gov/Archives/edgar/data/6845/000162828026003113/0001628280-26-003113-index.htm
2026-01-22T21:47:41.582685+00:00,US,SEC,8-K,,,,"8-K - Customers Bancorp, Inc. (0001488813) (Filer)",https://www.sec.gov/Archives/edgar/data/1488813/000148881326000012/0001488813-26-000012-index.htm
2026-01-22T21:47:41.582700+00:00,US,SEC,8-K,,,,"8-K - GLACIER BANCORP, INC. (0000868671) (Filer)",https://www.sec.gov/Archives/edgar/data/868671/000086867126000003/0000868671-26-000003-index.htm
2026-01-22T21:47:41.582717+00:00,US,SEC,8-K,,,,"8-K - SOUTH PLAINS FINANCIAL, INC. (0001163668) (Filer)",https://www.sec.gov/Archives/edgar/data/1163668/000114036126002059/0001140361-26-002059-index.htm
2026-01-22T21:47:41.582722+00:00,US,SEC,8-K,,,,"8-K - Alight, Inc. / Delaware (0001809104) (Filer)",https://www.sec.gov/Archives/edgar/data/1809104/000162828026003111/0001628280-26-003111-index.htm
2026-01-22T21:47:41.582730+00:00,US,SEC,8-K,,,,8-K - EQUITY BANCSHARES INC (0001227500) (Filer),https://www.sec.gov/Archives/edgar/data/1227500/000119312526019558/0001193125-26-019558-index.htm
2026-01-22T21:47:41.582756+00:00,US,SEC,8-K,,,,8-K - Bank of New York Mellon Corp (0001390777) (Filer),https://www.sec.gov/Archives/edgar/data/1390777/000119312526019554/0001193125-26-019554-index.htm
2026-01-22T21:47:41.582781+00:00,US,SEC,8-K,,,,8-K - LGL GROUP INC (0000061004) (Filer),https://www.sec.gov/Archives/edgar/data/61004/000143774926001772/0001437749-26-001772-index.htm
2026-01-22T19:02:49.245405+00:00,US,SEC,8-K,,,,8-K - HERITAGE FINANCIAL CORP /WA/ (0001046025) (Filer),https://www.sec.gov/Archives/edgar/data/1046025/000162828026003035/0001628280-26-003035-index.htm
2026-01-22T15:02:22.189248+00:00,US,SEC,8-K,,,,8-K - Alaska Silver Corp. (0001893899) (Filer),https://www.sec.gov/Archives/edgar/data/1893899/000106299326000371/0001062993-26-000371-index.htm
2026-01-22T13:59:54.676293+00:00,US,SEC,8-K,,,,8-K - PDS Biotechnology Corp (0001472091) (Filer),https://www.sec.gov/Archives/edgar/data/1472091/000114036126001958/0001140361-26-001958-index.htm
2026-01-22T13:59:54.676340+00:00,US,SEC,8-K,,,,"8-K - Esquire Financial Holdings, Inc. (0001531031) (Filer)",https://www.sec.gov/Archives/edgar/data/1531031/000110465926005642/0001104659-26-005642-index.htm
2026-01-22T13:59:54.676348+00:00,US,SEC,8-K,,,,8-K - NORWOOD FINANCIAL CORP (0001013272) (Filer),https://www.sec.gov/Archives/edgar/data/1013272/000119312526018738/0001193125-26-018738-index.htm
2026-01-22T11:58:27.855045+00:00,US,SEC,8-K,,,,8-K - HUNTINGTON BANCSHARES INC /MD/ (0000049196) (Filer),https://www.sec.gov/Archives/edgar/data/49196/000004919626000006/0000049196-26-000006-index.htm
2026-01-22T11:58:27.855065+00:00,US,SEC,8-K,,,,"8-K - Life Time Group Holdings, Inc. (0001869198) (Filer)",https://www.sec.gov/Archives/edgar/data/1869198/000186919826000003/0001869198-26-000003-index.htm
2026-01-22T11:45:38.917617+00:00,US,SEC,8-K,,,,8-K - GENERAL ELECTRIC CO (0000040545) (Filer),https://www.sec.gov/Archives/edgar/data/40545/000004054526000005/0000040545-26-000005-index.htm
2026-01-22T11:45:38.917658+00:00,US,SEC,8-K,,,,8-K - Amalgamated Financial Corp. (0001823608) (Filer),https://www.sec.gov/Archives/edgar/data/1823608/000182360826000006/0001823608-26-000006-index.htm
2026-01-22T11:45:38.917671+00:00,US,SEC,8-K,,,,8-K - Anteris Technologies Global Corp. (0002011514) (Filer),https://www.sec.gov/Archives/edgar/data/2011514/000114036126001938/0001140361-26-001938-index.htm
2026-01-22T11:45:38.917696+00:00,US,SEC,8-K,,,,8-K - CVB FINANCIAL CORP (0000354647) (Filer),https://www.sec.gov/Archives/edgar/data/354647/000119312526018599/0001193125-26-018599-index.htm
2026-01-22T11:45:38.917705+00:00,US,SEC,8-K,,,,"8-K - UMH PROPERTIES, INC. (0000752642) (Filer)",https://www.sec.gov/Archives/edgar/data/752642/000149315226003166/0001493152-26-003166-index.htm
2026-01-22T11:45:38.917712+00:00,US,SEC,8-K,,,,"8-K - SharonAI Holdings, Inc. (0002068385) (Filer)",https://www.sec.gov/Archives/edgar/data/2068385/000182912626000444/0001829126-26-000444-index.htm
2026-01-22T11:45:38.917723+00:00,US,SEC,8-K,,,,"8-K - SharonAI Holdings, Inc. (0002068385) (Filer)",https://www.sec.gov/Archives/edgar/data/2068385/000182912626000443/0001829126-26-000443-index.htm
2026-01-22T11:45:38.917728+00:00,US,SEC,8-K,,,,8-K - Mawson Infrastructure Group Inc. (0001218683) (Filer),https://www.sec.gov/Archives/edgar/data/1218683/000121390026006423/0001213900-26-006423-index.htm
2026-01-22T11:45:38.917738+00:00,US,SEC,8-K,,,,8-K - CVB FINANCIAL CORP (0000354647) (Filer),https://www.sec.gov/Archives/edgar/data/354647/000119312526018584/0001193125-26-018584-index.htm
2026-01-22T11:45:38.917743+00:00,US,SEC,8-K,,,,8-K - Uniti Group Inc. (0002020795) (Filer),https://www.sec.gov/Archives/edgar/data/2020795/000095010326000809/0000950103-26-000809-index.htm
2026-01-21T21:54:16.334957+00:00,US,SEC,8-K,,,,8-K - Ares Core Infrastructure Fund (0002031750) (Filer),https://www.sec.gov/Archives/edgar/data/2031750/000203175026000006/0002031750-26-000006-index.htm
2026-01-21T21:54:16.334994+00:00,US,SEC,8-K,,,,8-K - KKR Infrastructure Conglomerate LLC (0001948056) (Filer),https://www.sec.gov/Archives/edgar/data/1948056/000194805626000006/0001948056-26-000006-index.htm
2026-01-21T21:54:16.335013+00:00,US,SEC,8-K,,,,8-K - Terra Innovatum Global N.V. (0002067627) (Filer),https://www.sec.gov/Archives/edgar/data/2067627/000121390026006262/0001213900-26-006262-index.htm
2026-01-21T20:59:35.144926+00:00,US,SEC,8-K,,,,8-K - Mercedes-Benz Auto Lease Trust 2026-A (0002096965) (Filer),https://www.sec.gov/Archives/edgar/data/2096965/000114036126001836/0001140361-26-001836-index.htm
2026-01-21T20:59:35.144956+00:00,US,SEC,8-K,,,,8-K - LGAM Private Credit LLC (0001983514) (Filer),https://www.sec.gov/Archives/edgar/data/1983514/000119312526017895/0001193125-26-017895-index.htm
2026-01-21T19:43:19.769335+00:00,US,SEC,8-K,,,,8-K - Toyota Auto Receivables 2026-A Owner Trust (0002099539) (Filer),https://www.sec.gov/Archives/edgar/data/2099539/000092963826000199/0000929638-26-000199-index.htm
2026-01-21T19:43:19.769349+00:00,US,SEC,8-K,,,,8-K - TOYOTA AUTO FINANCE RECEIVABLES LLC (0001131131) (Filer),https://www.sec.gov/Archives/edgar/data/1131131/000092963826000199/0000929638-26-000199-index.htm
2026-01-21T15:02:26.677348+00:00,US,SEC,8-K,,,,"8-K - Twin Vee PowerCats, Co. (0001855509) (Filer)",https://www.sec.gov/Archives/edgar/data/1855509/000173112226000096/0001731122-26-000096-index.htm
2026-01-21T13:59:57.689635+00:00,US,SEC,8-K,,,,"8-K - LISATA THERAPEUTICS, INC. (0000320017) (Filer)",https://www.sec.gov/Archives/edgar/data/320017/000032001726000006/0000320017-26-000006-index.htm
2026-01-21T13:59:57.689693+00:00,US,SEC,8-K,,,,8-K - Linkhome Holdings Inc. (0002017758) (Filer),https://www.sec.gov/Archives/edgar/data/2017758/000121390026005922/0001213900-26-005922-index.htm
2026-01-21T13:59:57.689719+00:00,US,SEC,8-K,,,,"8-K - Five9, Inc. (0001288847) (Filer)",https://www.sec.gov/Archives/edgar/data/1288847/000128884726000006/0001288847-26-000006-index.htm
2026-01-21T13:59:57.689723+00:00,US,SEC,8-K,,,,8-K - Uniti Group Inc. (0002020795) (Filer),https://www.sec.gov/Archives/edgar/data/2020795/000095010326000725/0000950103-26-000725-index.htm
2026-01-21T13:59:57.689728+00:00,US,SEC,8-K,,,,8-K - Nano Dimension Ltd. (0001643303) (Filer),https://www.sec.gov/Archives/edgar/data/1643303/000110465926005254/0001104659-26-005254-index.htm
2026-01-21T13:59:57.689733+00:00,US,SEC,8-K,,,,8-K - CION Investment Corp (0001534254) (Filer),https://www.sec.gov/Archives/edgar/data/1534254/000110465926005253/0001104659-26-005253-index.htm
2026-01-21T13:59:57.689737+00:00,US,SEC,8-K,,,,8-K - UMeWorld Inc. (0001114936) (Filer),https://www.sec.gov/Archives/edgar/data/1114936/000147793226000290/0001477932-26-000290-index.htm
2026-01-21T13:59:57.689749+00:00,US,SEC,8-K,,,,8-K - COMMUNITY TRUST BANCORP INC /KY/ (0000350852) (Filer),https://www.sec.gov/Archives/edgar/data/350852/000035085226000015/0000350852-26-000015-index.htm
2026-01-21T11:58:53.365964+00:00,US,SEC,8-K,,,,8-K - SMITHFIELD FOODS INC (0000091388) (Filer),https://www.sec.gov/Archives/edgar/data/91388/000121390026005905/0001213900-26-005905-index.htm
2026-01-21T11:58:53.365985+00:00,US,SEC,8-K,,,,8-K - HALLIBURTON CO (0000045012) (Filer),https://www.sec.gov/Archives/edgar/data/45012/000004501226000008/0000045012-26-000008-index.htm
2026-01-21T11:58:53.365996+00:00,US,SEC,8-K,,,,"8-K - BankUnited, Inc. (0001504008) (Filer)",https://www.sec.gov/Archives/edgar/data/1504008/000150400826000002/0001504008-26-000002-index.htm
2026-01-21T11:58:53.366004+00:00,US,SEC,8-K,,,,"8-K - Dime Community Bancshares, Inc. /NY/ (0000846617) (Filer)",https://www.sec.gov/Archives/edgar/data/846617/000084661726000004/0000846617-26-000004-index.htm
2026-01-21T11:47:13.014786+00:00,US,SEC,8-K,,,,8-K - TRUIST FINANCIAL CORP (0000092230) (Filer),https://www.sec.gov/Archives/edgar/data/92230/000009223026000023/0000092230-26-000023-index.htm
2026-01-21T11:47:13.014813+00:00,US,SEC,8-K,,,,8-K - CITIZENS FINANCIAL GROUP INC/RI (0000759944) (Filer),https://www.sec.gov/Archives/edgar/data/759944/000075994426000017/0000759944-26-000017-index.htm
2026-01-21T11:47:13.014839+00:00,US,SEC,8-K,,,,8-K - TE Connectivity plc (0001385157) (Filer),https://www.sec.gov/Archives/edgar/data/1385157/000110465926005219/0001104659-26-005219-index.htm
2026-01-20T21:56:12.495645+00:00,US,SEC,8-K,,,,"8-K - Sculptor Diversified Real Estate Income Trust, Inc. (0001914496) (Filer)",https://www.sec.gov/Archives/edgar/data/1914496/000191449626000006/0001914496-26-000006-index.htm
2026-01-20T21:56:12.495707+00:00,US,SEC,8-K,,,,"8-K - FVCBankcorp, Inc. (0001675644) (Filer)",https://www.sec.gov/Archives/edgar/data/1675644/000167564426000002/0001675644-26-000002-index.htm
2026-01-20T21:43:44.661750+00:00,US,SEC,8-K,,,,"8-K - ONE Gas, Inc. (0001587732) (Filer)",https://www.sec.gov/Archives/edgar/data/1587732/000158773226000002/0001587732-26-000002-index.htm
2026-01-20T21:43:44.661810+00:00,US,SEC,8-K,,,,8-K - FORTRESS CREDIT REALTY INCOME TRUST (0002026738) (Filer),https://www.sec.gov/Archives/edgar/data/2026738/000119312526016694/0001193125-26-016694-index.htm
2026-01-20T21:43:44.661820+00:00,US,SEC,8-K,,,,8-K - COMMUNITY HEALTH SYSTEMS INC (0001108109) (Filer),https://www.sec.gov/Archives/edgar/data/1108109/000119312526016693/0001193125-26-016693-index.htm
2026-01-20T21:43:44.661827+00:00,US,SEC,8-K,,,,"8-K - DoorDash, Inc. (0001792789) (Filer)",https://www.sec.gov/Archives/edgar/data/1792789/000179278926000003/0001792789-26-000003-index.htm
2026-01-20T21:43:44.661836+00:00,US,SEC,8-K,,,,8-K - Infinite Eagle Acquisition Corp. (0002084396) (Filer),https://www.sec.gov/Archives/edgar/data/2084396/000121390026005697/0001213900-26-005697-index.htm
2026-01-20T21:43:44.661840+00:00,US,SEC,8-K,,,,8-K - D-Wave Quantum Inc. (0001907982) (Filer),https://www.sec.gov/Archives/edgar/data/1907982/000162828026002652/0001628280-26-002652-index.htm
2026-01-20T21:43:44.661857+00:00,US,SEC,8-K,,,,8-K - Kraft Heinz Co (0001637459) (Filer),https://www.sec.gov/Archives/edgar/data/1637459/000110465926005094/0001104659-26-005094-index.htm
2026-01-20T21:02:18.681550+00:00,US,SEC,8-K,,,,"8-K - Astera Labs, Inc. (0001736297) (Filer)",https://www.sec.gov/Archives/edgar/data/1736297/000110465926005022/0001104659-26-005022-index.htm
2026-01-20T21:02:18.681578+00:00,US,SEC,8-K,,,,8-K - PMGC Holdings Inc. (0001840563) (Filer),https://www.sec.gov/Archives/edgar/data/1840563/000121390026005641/0001213900-26-005641-index.htm
2026-01-20T21:02:18.681586+00:00,US,SEC,8-K,,,,8-K - HARVARD BIOSCIENCE INC (0001123494) (Filer),https://www.sec.gov/Archives/edgar/data/1123494/000117184326000343/0001171843-26-000343-index.htm
2026-01-20T21:02:18.681631+00:00,US,SEC,8-K,,,,8-K - HANCOCK WHITNEY CORP (0000750577) (Filer),https://www.sec.gov/Archives/edgar/data/750577/000119312526016535/0001193125-26-016535-index.htm
2026-01-20T20:35:46.323008+00:00,US,SEC,8-K,,,,8-K - SAN JUAN BASIN ROYALTY TRUST (0000319655) (Filer),https://www.sec.gov/Archives/edgar/data/319655/000119312526016501/0001193125-26-016501-index.htm
2026-01-20T16:01:13.712231+00:00,US,SEC,8-K,,,,8-K - PERMIAN BASIN ROYALTY TRUST (0000319654) (Filer),https://www.sec.gov/Archives/edgar/data/319654/000119312526016178/0001193125-26-016178-index.htm
2026-01-20T16:01:13.712265+00:00,US,SEC,8-K,,,,"8-K - Tharimmune, Inc. (0001861657) (Filer)",https://www.sec.gov/Archives/edgar/data/1861657/000149315226002787/0001493152-26-002787-index.htm
2026-01-20T16:01:13.712291+00:00,US,SEC,8-K,,,,"8-K - Dalrada Technology Group, Inc. (0000725394) (Filer)",https://www.sec.gov/Archives/edgar/data/725394/000168316826000410/0001683168-26-000410-index.htm
2026-01-20T15:02:14.048847+00:00,US,SEC,8-K,,,,8-K - Federal Home Loan Bank of Indianapolis (0001331754) (Filer),https://www.sec.gov/Archives/edgar/data/1331754/000133175426000011/0001331754-26-000011-index.htm
2026-01-20T13:59:20.851929+00:00,US,SEC,8-K,,,,8-K - MEDICAL PROPERTIES TRUST INC (0001287865) (Filer),https://www.sec.gov/Archives/edgar/data/1287865/000119312526016037/0001193125-26-016037-index.htm
2026-01-20T13:59:20.851955+00:00,US,SEC,8-K,,,,8-K - Chilean Cobalt Corp. (0001727255) (Filer),https://www.sec.gov/Archives/edgar/data/1727255/000168316826000397/0001683168-26-000397-index.htm
2026-01-20T13:59:20.851985+00:00,US,SEC,8-K,,,,"8-K - BITMINE IMMERSION TECHNOLOGIES, INC. (0001829311) (Filer)",https://www.sec.gov/Archives/edgar/data/1829311/000149315226002762/0001493152-26-002762-index.htm
2026-01-20T13:59:20.851990+00:00,US,SEC,8-K,,,,8-K - PUBLIC CO MANAGEMENT CORP (0001141964) (Filer),https://www.sec.gov/Archives/edgar/data/1141964/000121465926000622/0001214659-26-000622-index.htm
2026-01-20T13:59:20.851997+00:00,US,SEC,8-K,,,,"8-K - PIXELWORKS, INC (0001040161) (Filer)",https://www.sec.gov/Archives/edgar/data/1040161/000104016126000012/0001040161-26-000012-index.htm
2026-01-20T11:58:26.918589+00:00,US,SEC,8-K,,,,8-K - Otis Worldwide Corp (0001781335) (Filer),https://www.sec.gov/Archives/edgar/data/1781335/000114036126001569/0001140361-26-001569-index.htm
2026-01-20T11:58:26.918607+00:00,US,SEC,8-K,,,,8-K - US BANCORP \DE\ (0000036104) (Filer),https://www.sec.gov/Archives/edgar/data/36104/000003610426000005/0000036104-26-000005-index.htm
2026-01-20T11:58:26.918620+00:00,US,SEC,8-K,,,,8-K - Trinseo PLC (0001519061) (Filer),https://www.sec.gov/Archives/edgar/data/1519061/000110465926004782/0001104659-26-004782-index.htm
2026-01-20T11:45:12.576178+00:00,US,SEC,8-K,,,,8-K - MAGNACHIP SEMICONDUCTOR Corp (0001325702) (Filer),https://www.sec.gov/Archives/edgar/data/1325702/000119312526015926/0001193125-26-015926-index.htm
2026-01-20T11:45:12.576200+00:00,US,SEC,8-K,,,,8-K - SOMNIGROUP INTERNATIONAL INC. (0001206264) (Filer),https://www.sec.gov/Archives/edgar/data/1206264/000120626426000002/0001206264-26-000002-index.htm
2026-01-20T11:45:12.576217+00:00,US,SEC,8-K,,,,8-K - COLUMBUS MCKINNON CORP (0001005229) (Filer),https://www.sec.gov/Archives/edgar/data/1005229/000119312526015918/0001193125-26-015918-index.htm
2026-01-20T11:45:12.576229+00:00,US,SEC,8-K,,,,8-K - 3M CO (0000066740) (Filer),https://www.sec.gov/Archives/edgar/data/66740/000006674026000003/0000066740-26-000003-index.htm
2026-01-20T11:45:12.576233+00:00,US,SEC,8-K,,,,8-K - COMERICA INC (0000028412) (Filer),https://www.sec.gov/Archives/edgar/data/28412/000002841226000007/0000028412-26-000007-index.htm
2026-01-20T11:45:12.576238+00:00,US,SEC,8-K,,,,8-K - NIOCORP DEVELOPMENTS LTD (0001512228) (Filer),https://www.sec.gov/Archives/edgar/data/1512228/000153949726000076/0001539497-26-000076-index.htm
2026-01-20T11:45:12.576242+00:00,US,SEC,8-K,,,,"8-K - ROCKWELL MEDICAL, INC. (0001041024) (Filer)",https://www.sec.gov/Archives/edgar/data/1041024/000162828026002478/0001628280-26-002478-index.htm
2026-01-20T11:45:12.576249+00:00,US,SEC,8-K,,,,8-K - KEYCORP /NEW/ (0000091576) (Filer),https://www.sec.gov/Archives/edgar/data/91576/000009157626000006/0000091576-26-000006-index.htm
2026-01-20T11:45:12.576253+00:00,US,SEC,8-K,,,,8-K - FIFTH THIRD BANCORP (0000035527) (Filer),https://www.sec.gov/Archives/edgar/data/35527/000003552726000013/0000035527-26-000013-index.htm
2026-01-16T21:52:50.756565+00:00,US,SEC,8-K,,,,"8-K - New Mountain Guardian IV Income Fund, L.L.C. (0001976719) (Filer)",https://www.sec.gov/Archives/edgar/data/1976719/000158064226000288/0001580642-26-000288-index.htm
2026-01-16T21:52:50.756585+00:00,US,SEC,8-K,,,,8-K - Jefferies Financial Group Inc. (0000096223) (Filer),https://www.sec.gov/Archives/edgar/data/96223/000114036126001506/0001140361-26-001506-index.htm
2026-01-16T21:39:42.083766+00:00,US,SEC,8-K,,,,8-K - AMERICAN AXLE & MANUFACTURING HOLDINGS INC (0001062231) (Filer),https://www.sec.gov/Archives/edgar/data/1062231/000110465926004579/0001104659-26-004579-index.htm
2026-01-16T21:39:42.083795+00:00,US,SEC,8-K,,,,"8-K - Coeur Mining, Inc. (0000215466) (Filer)",https://www.sec.gov/Archives/edgar/data/215466/000114036126001500/0001140361-26-001500-index.htm
2026-01-16T21:39:42.083801+00:00,US,SEC,8-K,,,,8-K - Rainmaker Worldwide Inc. (0001872292) (Filer),https://www.sec.gov/Archives/edgar/data/1872292/000149315226002594/0001493152-26-002594-index.htm
2026-01-16T20:56:38.241505+00:00,US,SEC,8-K,,,,8-K - WILSON BANK HOLDING CO (0000885275) (Filer),https://www.sec.gov/Archives/edgar/data/885275/000119312526015258/0001193125-26-015258-index.htm
2026-01-16T20:40:38.558508+00:00,US,SEC,8-K,,,,"8-K - Franklin BSP Real Estate Debt, Inc. (0002035428) (Filer)",https://www.sec.gov/Archives/edgar/data/2035428/000203542826000004/0002035428-26-000004-index.htm
2026-01-16T17:50:03.122215+00:00,US,SEC,8-K,,,,"8-K - Via Renewables, Inc. (0001606268) (Filer)",https://www.sec.gov/Archives/edgar/data/1606268/000160626826000008/0001606268-26-000008-index.htm
2026-01-16T17:00:01.841328+00:00,US,SEC,8-K,,,,"8-K - NexPoint Capital, Inc. (0001588272) (Filer)",https://www.sec.gov/Archives/edgar/data/1588272/000119312526014886/0001193125-26-014886-index.htm
2026-01-16T17:00:01.841393+00:00,US,SEC,8-K,,,,8-K - WAFD INC (0000936528) (Filer),https://www.sec.gov/Archives/edgar/data/936528/000093652826000011/0000936528-26-000011-index.htm
2026-01-16T17:00:01.841405+00:00,US,SEC,8-K,,,,"8-K - PNC FINANCIAL SERVICES GROUP, INC. (0000713676) (Filer)",https://www.sec.gov/Archives/edgar/data/713676/000071367626000008/0000713676-26-000008-index.htm
2026-01-16T15:48:21.954271+00:00,US,SEC,8-K,,,,8-K - Enertopia Corp. (0001346022) (Filer),https://www.sec.gov/Archives/edgar/data/1346022/000106299326000310/0001062993-26-000310-index.htm
2026-01-16T13:51:39.998931+00:00,US,SEC,8-K,,,,8-K - BCB BANCORP INC (0001228454) (Filer),https://www.sec.gov/Archives/edgar/data/1228454/000119312526014695/0001193125-26-014695-index.htm
2026-01-16T13:51:39.998970+00:00,US,SEC,8-K,,,,8-K - BASSETT FURNITURE INDUSTRIES INC (0000010329) (Filer),https://www.sec.gov/Archives/edgar/data/10329/000143774926001385/0001437749-26-001385-index.htm
2026-01-16T13:51:39.999014+00:00,US,SEC,8-K,,,,8-K - TransDigm Group INC (0001260221) (Filer),https://www.sec.gov/Archives/edgar/data/1260221/000126022126000002/0001260221-26-000002-index.htm
2026-01-16T13:51:39.999034+00:00,US,SEC,8-K,,,,8-K - Nukkleus Inc. (0001787518) (Filer),https://www.sec.gov/Archives/edgar/data/1787518/000121390026004905/0001213900-26-004905-index.htm
2026-01-16T13:51:39.999039+00:00,US,SEC,8-K,,,,8-K - STAAR SURGICAL CO (0000718937) (Filer),https://www.sec.gov/Archives/edgar/data/718937/000119312526014681/0001193125-26-014681-index.htm
2026-01-16T11:52:37.388152+00:00,US,SEC,8-K,,,,8-K - Chemours Co (0001627223) (Filer),https://www.sec.gov/Archives/edgar/data/1627223/000119312526014624/0001193125-26-014624-index.htm
2026-01-16T11:37:52.505601+00:00,US,SEC,8-K,,,,"8-K - PNC FINANCIAL SERVICES GROUP, INC. (0000713676) (Filer)",https://www.sec.gov/Archives/edgar/data/713676/000071367626000006/0000713676-26-000006-index.htm
2026-01-16T11:37:52.505635+00:00,US,SEC,8-K,,,,8-K - Primo Brands Corp (0002042694) (Filer),https://www.sec.gov/Archives/edgar/data/2042694/000119312526014611/0001193125-26-014611-index.htm
2026-01-16T11:37:52.505675+00:00,US,SEC,8-K,,,,8-K - Uniti Group Inc. (0002020795) (Filer),https://www.sec.gov/Archives/edgar/data/2020795/000095010326000585/0000950103-26-000585-index.htm
2026-01-16T11:37:52.505687+00:00,US,SEC,8-K,,,,8-K - Callaway Golf Co (0000837465) (Filer),https://www.sec.gov/Archives/edgar/data/837465/000119312526014581/0001193125-26-014581-index.htm
2026-01-16T11:37:52.505692+00:00,US,SEC,8-K,,,,8-K - M&T BANK CORP (0000036270) (Filer),https://www.sec.gov/Archives/edgar/data/36270/000003627026000004/0000036270-26-000004-index.htm
2026-01-16T11:37:52.505710+00:00,US,SEC,8-K,,,,"8-K - Tvardi Therapeutics, Inc. (0001346830) (Filer)",https://www.sec.gov/Archives/edgar/data/1346830/000110465926004273/0001104659-26-004273-index.htm
2026-01-16T11:37:52.505717+00:00,US,SEC,8-K,,,,8-K - Data Storage Corp (0001419951) (Filer),https://www.sec.gov/Archives/edgar/data/1419951/000173112226000067/0001731122-26-000067-index.htm
2026-01-15T21:53:35.786881+00:00,US,SEC,8-K,,,,"8-K - SunCoke Energy, Inc. (0001514705) (Filer)",https://www.sec.gov/Archives/edgar/data/1514705/000151470526000002/0001514705-26-000002-index.htm
2026-01-15T21:53:35.786961+00:00,US,SEC,8-K,,,,"8-K - FiEE, Inc. (0001467761) (Filer)",https://www.sec.gov/Archives/edgar/data/1467761/000182912626000331/0001829126-26-000331-index.htm
2026-01-15T21:40:02.605390+00:00,US,SEC,8-K,,,,"8-K - Woodward, Inc. (0000108312) (Filer)",https://www.sec.gov/Archives/edgar/data/108312/000117184326000295/0001171843-26-000295-index.htm
2026-01-15T16:00:03.011563+00:00,US,SEC,8-K,,,,"8-K - QUAINT OAK BANCORP, INC. (0001391933) (Filer)",https://www.sec.gov/Archives/edgar/data/1391933/000092708926000003/0000927089-26-000003-index.htm
2026-01-15T14:54:50.123204+00:00,US,SEC,8-K,,,,8-K - ACTELIS NETWORKS INC (0001141284) (Filer),https://www.sec.gov/Archives/edgar/data/1141284/000121390026004512/0001213900-26-004512-index.htm
2026-01-15T13:53:46.177555+00:00,US,SEC,8-K,,,,8-K - GENUINE PARTS CO (0000040987) (Filer),https://www.sec.gov/Archives/edgar/data/40987/000119312526013595/0001193125-26-013595-index.htm
2026-01-15T13:53:46.177594+00:00,US,SEC,8-K,,,,8-K - QUANTUM CORP /DE/ (0000709283) (Filer),https://www.sec.gov/Archives/edgar/data/709283/000162828026002121/0001628280-26-002121-index.htm
2026-01-15T13:53:46.177619+00:00,US,SEC,8-K,,,,8-K - GENERAL ELECTRIC CO (0000040545) (Filer),https://www.sec.gov/Archives/edgar/data/40545/000004054526000002/0000040545-26-000002-index.htm
2026-01-15T13:53:46.177630+00:00,US,SEC,8-K,,,,8-K - Philip Morris International Inc. (0001413329) (Filer),https://www.sec.gov/Archives/edgar/data/1413329/000162828026002116/0001628280-26-002116-index.htm
2026-01-15T13:53:46.177640+00:00,US,SEC,8-K,,,,"8-K - ImmunityBio, Inc. (0001326110) (Filer)",https://www.sec.gov/Archives/edgar/data/1326110/000132611026000008/0001326110-26-000008-index.htm
2026-01-15T13:53:46.177645+00:00,US,SEC,8-K,,,,"8-K - Strive, Inc. (0001920406) (Filer)",https://www.sec.gov/Archives/edgar/data/1920406/000162828026002115/0001628280-26-002115-index.htm
2026-01-15T13:53:46.177654+00:00,US,SEC,8-K,,,,8-K - MORGAN STANLEY (0000895421) (Filer),https://www.sec.gov/Archives/edgar/data/895421/000089542126000007/0000895421-26-000007-index.htm
2026-01-15T13:53:46.177658+00:00,US,SEC,8-K,,,,"8-K - Inuvo, Inc. (0000829323) (Filer)",https://www.sec.gov/Archives/edgar/data/829323/000165495426000372/0001654954-26-000372-index.htm
2026-01-15T13:53:46.177671+00:00,US,SEC,8-K,,,,8-K - GBT Technologies Inc. (0001471781) (Filer),https://www.sec.gov/Archives/edgar/data/1471781/000173112226000064/0001731122-26-000064-index.htm
2026-01-15T13:53:46.177679+00:00,US,SEC,8-K,,,,"8-K - Ocugen, Inc. (0001372299) (Filer)",https://www.sec.gov/Archives/edgar/data/1372299/000110465926003900/0001104659-26-003900-index.htm
2026-01-15T11:53:27.932256+00:00,US,SEC,8-K,,,,"8-K - Lumexa Imaging Holdings, Inc. (0002071288) (Filer)",https://www.sec.gov/Archives/edgar/data/2071288/000119312526013511/0001193125-26-013511-index.htm
2026-01-15T11:38:36.378676+00:00,US,SEC,8-K,,,,"8-K - BlackRock, Inc. (0002012383) (Filer)",https://www.sec.gov/Archives/edgar/data/2012383/000119312526013503/0001193125-26-013503-index.htm
2026-01-15T11:38:36.378694+00:00,US,SEC,8-K,,,,8-K - FIRST HORIZON CORP (0000036966) (Filer),https://www.sec.gov/Archives/edgar/data/36966/000003696626000012/0000036966-26-000012-index.htm
2026-01-15T11:38:36.378705+00:00,US,SEC,8-K,,,,8-K - INSTEEL INDUSTRIES INC (0000764401) (Filer),https://www.sec.gov/Archives/edgar/data/764401/000143774926001309/0001437749-26-001309-index.htm
2026-01-15T11:38:36.378728+00:00,US,SEC,8-K,,,,"8-K - Aspire Biopharma Holdings, Inc. (0001847345) (Filer)",https://www.sec.gov/Archives/edgar/data/1847345/000149315226002326/0001493152-26-002326-index.htm
2026-01-15T11:38:36.378733+00:00,US,SEC,8-K,,,,8-K - VAALCO ENERGY INC /DE/ (0000894627) (Filer),https://www.sec.gov/Archives/edgar/data/894627/000089462726000002/0000894627-26-000002-index.htm
2026-01-15T11:38:36.378770+00:00,US,SEC,8-K,,,,8-K - Artificial Intelligence Technology Solutions Inc. (0001498148) (Filer),https://www.sec.gov/Archives/edgar/data/1498148/000149315226002315/0001493152-26-002315-index.htm
2026-01-15T11:38:36.378776+00:00,US,SEC,8-K,,,,8-K - Compass Diversified Holdings (0001345126) (Filer),https://www.sec.gov/Archives/edgar/data/1345126/000134512626000014/0001345126-26-000014-index.htm
2026-01-15T11:38:36.378780+00:00,US,SEC,8-K,,,,8-K - Compass Group Diversified Holdings LLC (0001345122) (Filer),https://www.sec.gov/Archives/edgar/data/1345122/000134512626000014/0001345126-26-000014-index.htm
2026-01-14T21:56:59.883497+00:00,US,SEC,8-K,,,,8-K - FIRST CITIZENS BANCSHARES INC /DE/ (0000798941) (Filer),https://www.sec.gov/Archives/edgar/data/798941/000079894126000007/0000798941-26-000007-index.htm
2026-01-14T21:56:59.883552+00:00,US,SEC,8-K,,,,"8-K - Orchid Island Capital, Inc. (0001518621) (Filer)",https://www.sec.gov/Archives/edgar/data/1518621/000143774926001277/0001437749-26-001277-index.htm
2026-01-14T21:56:59.883558+00:00,US,SEC,8-K,,,,8-K - Rainmaker Worldwide Inc. (0001872292) (Filer),https://www.sec.gov/Archives/edgar/data/1872292/000149315226002277/0001493152-26-002277-index.htm
2026-01-14T19:50:36.119930+00:00,US,SEC,8-K,,,,"8-K - CNL Healthcare Properties, Inc. (0001496454) (Filer)",https://www.sec.gov/Archives/edgar/data/1496454/000119312526012803/0001193125-26-012803-index.htm
2026-01-14T18:59:49.048621+00:00,US,SEC,8-K,,,,8-K - NOVAGOLD RESOURCES INC (0001173420) (Filer),https://www.sec.gov/Archives/edgar/data/1173420/000117184326000254/0001171843-26-000254-index.htm
2026-01-14T17:54:17.648851+00:00,US,SEC,8-K,,,,"8-K - Sana Biotechnology, Inc. (0001770121) (Filer)",https://www.sec.gov/Archives/edgar/data/1770121/000119312526012664/0001193125-26-012664-index.htm
2026-01-14T17:54:17.648875+00:00,US,SEC,8-K,,,,"8-K - Nexscient, Inc. (0001976663) (Filer)",https://www.sec.gov/Archives/edgar/data/1976663/000147793226000196/0001477932-26-000196-index.htm
2026-01-14T15:47:39.361629+00:00,US,SEC,8-K,,,,8-K - Future FinTech Group Inc. (0001066923) (Filer),https://www.sec.gov/Archives/edgar/data/1066923/000121390026004240/0001213900-26-004240-index.htm
2026-01-14T14:56:28.080492+00:00,US,SEC,8-K,,,,"8-K - IF Bancorp, Inc. (0001514743) (Filer)",https://www.sec.gov/Archives/edgar/data/1514743/000094337426000011/0000943374-26-000011-index.htm
2026-01-14T13:53:47.043755+00:00,US,SEC,8-K,,,,8-K - ARMSTRONG WORLD INDUSTRIES INC (0000007431) (Filer),https://www.sec.gov/Archives/edgar/data/7431/000119312526012306/0001193125-26-012306-index.htm
2026-01-14T13:53:47.043794+00:00,US,SEC,8-K,,,,"8-K - ImmunityBio, Inc. (0001326110) (Filer)",https://www.sec.gov/Archives/edgar/data/1326110/000132611026000004/0001326110-26-000004-index.htm
2026-01-14T13:53:47.043813+00:00,US,SEC,8-K,,,,8-K - LivaNova PLC (0001639691) (Filer),https://www.sec.gov/Archives/edgar/data/1639691/000163969126000002/0001639691-26-000002-index.htm
2026-01-14T13:53:47.043819+00:00,US,SEC,8-K,,,,"8-K - CLOVER HEALTH INVESTMENTS, CORP. /DE (0001801170) (Filer)",https://www.sec.gov/Archives/edgar/data/1801170/000180117026000020/0001801170-26-000020-index.htm
2026-01-14T13:53:47.043829+00:00,US,SEC,8-K,,,,"8-K - KULR Technology Group, Inc. (0001662684) (Filer)",https://www.sec.gov/Archives/edgar/data/1662684/000110465926003564/0001104659-26-003564-index.htm
2026-01-14T13:53:47.043836+00:00,US,SEC,8-K,,,,"8-K - Aveanna Healthcare Holdings, Inc. (0001832332) (Filer)",https://www.sec.gov/Archives/edgar/data/1832332/000119312526012301/0001193125-26-012301-index.htm
2026-01-14T11:56:10.043841+00:00,US,SEC,8-K,,,,8-K - LABCORP HOLDINGS INC. (0000920148) (Filer),https://www.sec.gov/Archives/edgar/data/920148/000092014826000009/0000920148-26-000009-index.htm
2026-01-14T11:56:10.043869+00:00,US,SEC,8-K,,,,8-K - BANK OF AMERICA CORP /DE/ (0000070858) (Filer),https://www.sec.gov/Archives/edgar/data/70858/000007085826000020/0000070858-26-000020-index.htm
2026-01-14T11:56:10.043879+00:00,US,SEC,8-K,,,,8-K - MAGNACHIP SEMICONDUCTOR Corp (0001325702) (Filer),https://www.sec.gov/Archives/edgar/data/1325702/000119312526012251/0001193125-26-012251-index.htm
2026-01-14T11:40:15.176066+00:00,US,SEC,8-K,,,,"8-K - Nuvalent, Inc. (0001861560) (Filer)",https://www.sec.gov/Archives/edgar/data/1861560/000119312526012243/0001193125-26-012243-index.htm
2026-01-14T11:40:15.176085+00:00,US,SEC,8-K,,,,8-K - WELLS FARGO & COMPANY/MN (0000072971) (Filer),https://www.sec.gov/Archives/edgar/data/72971/000007297126000009/0000072971-26-000009-index.htm
2026-01-14T11:40:15.176100+00:00,US,SEC,8-K,,,,8-K - Palladyne AI Corp. (0001826681) (Filer),https://www.sec.gov/Archives/edgar/data/1826681/000119312526012228/0001193125-26-012228-index.htm
2026-01-14T11:40:15.176111+00:00,US,SEC,8-K,,,,8-K - Artificial Intelligence Technology Solutions Inc. (0001498148) (Filer),https://www.sec.gov/Archives/edgar/data/1498148/000149315226002113/0001493152-26-002113-index.htm
2026-01-14T11:40:15.176130+00:00,US,SEC,8-K,,,,8-K - SemiLEDs Corp (0001333822) (Filer),https://www.sec.gov/Archives/edgar/data/1333822/000119312526012216/0001193125-26-012216-index.htm
2026-01-14T11:40:15.176140+00:00,US,SEC,8-K,,,,"8-K - Funko, Inc. (0001704711) (Filer)",https://www.sec.gov/Archives/edgar/data/1704711/000119312526012212/0001193125-26-012212-index.htm
2026-01-14T11:40:15.176145+00:00,US,SEC,8-K,,,,8-K - Playtika Holding Corp. (0001828016) (Filer),https://www.sec.gov/Archives/edgar/data/1828016/000182801626000003/0001828016-26-000003-index.htm
2026-01-14T11:40:15.176149+00:00,US,SEC,8-K,,,,"8-K - SharonAI Holdings, Inc. (0002068385) (Filer)",https://www.sec.gov/Archives/edgar/data/2068385/000182912626000288/0001829126-26-000288-index.htm
2026-01-13T21:56:15.843172+00:00,US,SEC,8-K,,,,8-K - SLM Student Loan Trust 2004-10 (0001321769) (Filer),https://www.sec.gov/Archives/edgar/data/1321769/000114036126001107/0001140361-26-001107-index.htm
2026-01-13T21:56:15.843189+00:00,US,SEC,8-K,,,,"8-K - CG Oncology, Inc. (0001991792) (Filer)",https://www.sec.gov/Archives/edgar/data/1991792/000119312526011855/0001193125-26-011855-index.htm
2026-01-13T21:56:15.843220+00:00,US,SEC,8-K,,,,8-K - SLM Student Loan Trust 2004-1 (0001321766) (Filer),https://www.sec.gov/Archives/edgar/data/1321766/000114036126001105/0001140361-26-001105-index.htm
2026-01-13T21:45:46.724506+00:00,US,SEC,8-K,,,,8-K - Mountain Lake Acquisition Corp. (0002029492) (Filer),https://www.sec.gov/Archives/edgar/data/2029492/000121390026003955/0001213900-26-003955-index.htm
2026-01-13T21:45:46.724559+00:00,US,SEC,8-K,,,,"8-K - AVIAT NETWORKS, INC. (0001377789) (Filer)",https://www.sec.gov/Archives/edgar/data/1377789/000162828026001978/0001628280-26-001978-index.htm
2026-01-13T21:45:46.724612+00:00,US,SEC,8-K,,,,"8-K - Guardian Pharmacy Services, Inc. (0001802255) (Filer)",https://www.sec.gov/Archives/edgar/data/1802255/000119312526011826/0001193125-26-011826-index.htm
2026-01-13T21:00:43.451362+00:00,US,SEC,8-K,,,,8-K - ACADIA PHARMACEUTICALS INC (0001070494) (Filer),https://www.sec.gov/Archives/edgar/data/1070494/000119312526011706/0001193125-26-011706-index.htm
2026-01-13T19:34:15.770856+00:00,,,,,,,8-K - LAKELAND FINANCIAL CORP (0000721994) (Filer),https://www.sec.gov/Archives/edgar/data/721994/000072199426000003/0000721994-26-000003-index.htm
2026-01-13T18:58:57.426311+00:00,,,,,,,8-K - Federal Home Loan Bank of New York (0001329842) (Filer),https://www.sec.gov/Archives/edgar/data/1329842/000165495426000328/0001654954-26-000328-index.htm
2026-01-13T17:54:48.847551+00:00,,,,,,,8-K - FIVE STAR BANCORP (0001275168) (Filer),https://www.sec.gov/Archives/edgar/data/1275168/000162828026001931/0001628280-26-001931-index.htm
2026-01-13T17:54:48.847551+00:00,,,,,,,8-K - JONES FINANCIAL COMPANIES LLLP (0000815917) (Filer),https://www.sec.gov/Archives/edgar/data/815917/000119312526011396/0001193125-26-011396-index.htm
2026-01-13T15:53:46.356367+00:00,,,,,,,"8-K - RCI HOSPITALITY HOLDINGS, INC. (0000935419) (Filer)",https://www.sec.gov/Archives/edgar/data/935419/000162828026001922/0001628280-26-001922-index.htm
2026-01-13T14:56:51.362766+00:00,,,,,,,8-K - CASTLE BIOSCIENCES INC (0001447362) (Filer),https://www.sec.gov/Archives/edgar/data/1447362/000162828026001909/0001628280-26-001909-index.htm
2026-01-13T13:54:29.014456+00:00,,,,,,,8-K - Pagaya Technologies Ltd. (0001883085) (Filer),https://www.sec.gov/Archives/edgar/data/1883085/000188308526000004/0001883085-26-000004-index.htm
2026-01-13T13:54:29.014456+00:00,,,,,,,"8-K - AVITA Medical, Inc. (0001762303) (Filer)",https://www.sec.gov/Archives/edgar/data/1762303/000119312526011167/0001193125-26-011167-index.htm
2026-01-13T13:54:29.014456+00:00,,,,,,,"8-K - PureCycle Technologies, Inc. (0001830033) (Filer)",https://www.sec.gov/Archives/edgar/data/1830033/000119312526011168/0001193125-26-011168-index.htm
2026-01-13T13:54:29.014456+00:00,,,,,,,8-K - Nukkleus Inc. (0001787518) (Filer),https://www.sec.gov/Archives/edgar/data/1787518/000121390026003686/0001213900-26-003686-index.htm
2026-01-13T13:54:29.014456+00:00,,,,,,,8-K - Expion360 Inc. (0001894954) (Filer),https://www.sec.gov/Archives/edgar/data/1894954/000190359626000008/0001903596-26-000008-index.htm
2026-01-13T13:54:29.014456+00:00,,,,,,,8-K - PHOTRONICS INC (0000810136) (Filer),https://www.sec.gov/Archives/edgar/data/810136/000114036126001053/0001140361-26-001053-index.htm
2026-01-13T13:54:29.014456+00:00,,,,,,,8-K - Worksport Ltd (0001096275) (Filer),https://www.sec.gov/Archives/edgar/data/1096275/000149315226001956/0001493152-26-001956-index.htm
2026-01-13T13:54:29.014456+00:00,,,,,,,"8-K - Beeline Holdings, Inc. (0001534708) (Filer)",https://www.sec.gov/Archives/edgar/data/1534708/000149315226001957/0001493152-26-001957-index.htm
2026-01-13T13:54:29.014456+00:00,,,,,,,"8-K - TruGolf Holdings, Inc. (0001857086) (Filer)",https://www.sec.gov/Archives/edgar/data/1857086/000149315226001958/0001493152-26-001958-index.htm
2026-01-13T13:54:29.014456+00:00,,,,,,,8-K - Pelthos Therapeutics Inc. (0001919246) (Filer),https://www.sec.gov/Archives/edgar/data/1919246/000175392626000097/0001753926-26-000097-index.htm
2026-01-13T13:54:29.014456+00:00,,,,,,,8-K - IDEXX LABORATORIES INC /DE (0000874716) (Filer),https://www.sec.gov/Archives/edgar/data/874716/000110465926003103/0001104659-26-003103-index.htm
2026-01-13T13:54:29.014456+00:00,,,,,,,8-K - Biofrontera Inc. (0001858685) (Filer),https://www.sec.gov/Archives/edgar/data/1858685/000149315226001959/0001493152-26-001959-index.htm
2026-01-13T13:54:29.014456+00:00,,,,,,,"8-K - SS Innovations International, Inc. (0001676163) (Filer)",https://www.sec.gov/Archives/edgar/data/1676163/000121390026003688/0001213900-26-003688-index.htm
2026-01-13T13:54:29.014456+00:00,,,,,,,8-K - AUDIOEYE INC (0001362190) (Filer),https://www.sec.gov/Archives/edgar/data/1362190/000110465926003108/0001104659-26-003108-index.htm
2026-01-13T13:54:29.014456+00:00,,,,,,,"8-K - NLIGHT, INC. (0001124796) (Filer)",https://www.sec.gov/Archives/edgar/data/1124796/000112479626000006/0001124796-26-000006-index.htm
2026-01-13T13:54:29.014456+00:00,,,,,,,8-K - Trump Media & Technology Group Corp. (0001849635) (Filer),https://www.sec.gov/Archives/edgar/data/1849635/000114036126001056/0001140361-26-001056-index.htm
2026-01-13T13:54:29.014456+00:00,,,,,,,8-K - Federal Home Loan Bank of Indianapolis (0001331754) (Filer),https://www.sec.gov/Archives/edgar/data/1331754/000133175426000007/0001331754-26-000007-index.htm
2026-01-13T13:54:29.014456+00:00,,,,,,,"8-K - Picard Medical, Inc. (0002030617) (Filer)",https://www.sec.gov/Archives/edgar/data/2030617/000182912626000265/0001829126-26-000265-index.htm
2026-01-13T11:53:03.768783+00:00,,,,,,,8-K - JPMORGAN CHASE & CO (0000019617) (Filer),https://www.sec.gov/Archives/edgar/data/19617/000162828026001902/0001628280-26-001902-index.htm
2026-01-13T11:38:54.506359+00:00,,,,,,,"8-K - EBR Systems, Inc. (0001347123) (Filer)",https://www.sec.gov/Archives/edgar/data/1347123/000121465926000377/0001214659-26-000377-index.htm
2026-01-13T11:38:54.506359+00:00,,,,,,,8-K - Artificial Intelligence Technology Solutions Inc. (0001498148) (Filer),https://www.sec.gov/Archives/edgar/data/1498148/000149315226001931/0001493152-26-001931-index.htm
2026-01-13T11:38:54.506359+00:00,,,,,,,8-K - UNITY BANCORP INC /NJ/ (0000920427) (Filer),https://www.sec.gov/Archives/edgar/data/920427/000092042726000004/0000920427-26-000004-index.htm
2026-01-13T11:38:54.506359+00:00,,,,,,,8-K - Bitcoin Depot Inc. (0001901799) (Filer),https://www.sec.gov/Archives/edgar/data/1901799/000119312526011043/0001193125-26-011043-index.htm
2026-01-13T11:38:54.506359+00:00,,,,,,,8-K - Offerpad Solutions Inc. (0001825024) (Filer),https://www.sec.gov/Archives/edgar/data/1825024/000119312526011046/0001193125-26-011046-index.htm
2026-01-13T11:38:54.506359+00:00,,,,,,,8-K - Milestone Pharmaceuticals Inc. (0001408443) (Filer),https://www.sec.gov/Archives/edgar/data/1408443/000110465926003038/0001104659-26-003038-index.htm
2026-01-13T11:38:54.506359+00:00,,,,,,,"8-K - DELTA AIR LINES, INC. (0000027904) (Filer)",https://www.sec.gov/Archives/edgar/data/27904/000002790426000008/0000027904-26-000008-index.htm
2026-01-13T11:38:54.506359+00:00,,,,,,,8-K - Bank of New York Mellon Corp (0001390777) (Filer),https://www.sec.gov/Archives/edgar/data/1390777/000139077726000004/0001390777-26-000004-index.htm
2026-01-12T21:40:55.461541+00:00,,,,,,,"8-K - URSB Bancorp, Inc. (0002084261) (Filer)",https://www.sec.gov/Archives/edgar/data/2084261/000110465926002896/0001104659-26-002896-index.htm
2026-01-12T20:58:58.056391+00:00,,,,,,,"8-K - 10x Genomics, Inc. (0001770787) (Filer)",https://www.sec.gov/Archives/edgar/data/1770787/000162828026001808/0001628280-26-001808-index.htm
2026-01-12T19:50:25.315358+00:00,,,,,,,8-K - ENB Financial Corp (0001437479) (Filer),https://www.sec.gov/Archives/edgar/data/1437479/000117494726000030/0001174947-26-000030-index.htm
2026-01-12T16:59:27.825297+00:00,,,,,,,8-K - SPIRE INC (0001126956) (Filer),https://www.sec.gov/Archives/edgar/data/1126956/000119312526010094/0001193125-26-010094-index.htm
2026-01-12T15:53:19.127360+00:00,,,,,,,"8-K - First Watch Restaurant Group, Inc. (0001789940) (Filer)",https://www.sec.gov/Archives/edgar/data/1789940/000178994026000003/0001789940-26-000003-index.htm
2026-01-12T15:23:57.357310+00:00,,,,,,,8-K - BRISTOL MYERS SQUIBB CO (0000014272) (Filer),https://www.sec.gov/Archives/edgar/data/14272/000114036126000929/0001140361-26-000929-index.htm
2026-01-12T14:52:02.806809+00:00,,,,,,,"8-K - FIVE BELOW, INC (0001177609) (Filer)",https://www.sec.gov/Archives/edgar/data/1177609/000117760926000003/0001177609-26-000003-index.htm
